{
  "task_id": "T001",
  "total_time": 775.7787638339942,
  "checkpoints": {
    "dependencies_checked": 2.849999873433262e-05,
    "planning_phase": 0.0006422080041375011,
    "lint_baseline": 0.00044683300075121224,
    "artifact_prefetch_attempt_1": 12.544274624997342,
    "prompt_creation_attempt_1": 0.06769016700127395,
    "llm_execution_attempt_1": 707.047617624994,
    "validation_phase_attempt_1": 0.0012248749990249053,
    "total_task_time": 775.7787638339942
  },
  "timestamp": "2025-10-23 01:33:36"
}