{
  "task_id": "T023",
  "total_time": 302.46600637499796,
  "checkpoints": {
    "dependencies_checked": 6.600000051548705e-05,
    "planning_phase": 0.0008557500041206367,
    "lint_baseline": 0.00016850000247359276,
    "artifact_prefetch_attempt_1": 7.622529833999579,
    "prompt_creation_attempt_1": 0.025395165997906588,
    "llm_execution_attempt_1": 277.91235645800043,
    "validation_phase_attempt_1": 0.0012564169956021942,
    "total_task_time": 302.46600637499796
  },
  "timestamp": "2025-10-23 03:20:49"
}