{
  "task_id": "T013",
  "total_time": 341.5406078329979,
  "checkpoints": {
    "dependencies_checked": 0.000501874994370155,
    "planning_phase": 0.000555708997126203,
    "lint_baseline": 0.0001432089993613772,
    "artifact_prefetch_attempt_1": 18.944581540999934,
    "prompt_creation_attempt_1": 0.018507957996916957,
    "llm_execution_attempt_1": 270.8406086670002,
    "validation_phase_attempt_1": 0.0009531249961582944,
    "total_task_time": 341.5406078329979
  },
  "timestamp": "2025-10-23 02:32:25"
}