{
  "task_id": "T006",
  "total_time": 990.2104536659972,
  "checkpoints": {
    "dependencies_checked": 0.0001037499969243072,
    "planning_phase": 0.0006447090054280125,
    "lint_baseline": 0.00013479199697030708,
    "artifact_prefetch_attempt_1": 12.871400625001115,
    "prompt_creation_attempt_1": 0.0252050839990261,
    "llm_execution_attempt_1": 927.1598424160038,
    "validation_phase_attempt_1": 0.0010026249947259203,
    "total_task_time": 990.2104536659972
  },
  "timestamp": "2025-10-23 02:10:08"
}