{
  "task_id": "T025",
  "total_time": 185.03392762500152,
  "checkpoints": {
    "dependencies_checked": 4.6542001655325294e-05,
    "planning_phase": 0.0008800830037216656,
    "lint_baseline": 0.0002549999990151264,
    "artifact_prefetch_attempt_1": 9.318890249996912,
    "prompt_creation_attempt_1": 0.06602966700302204,
    "llm_execution_attempt_1": 142.03931849999935,
    "validation_phase_attempt_1": 0.0011294580035610124,
    "total_task_time": 185.03392762500152
  },
  "timestamp": "2025-10-23 03:29:27"
}