{
  "task_id": "T022",
  "total_time": 196.94322050000483,
  "checkpoints": {
    "dependencies_checked": 4.925000393996015e-05,
    "planning_phase": 0.0005504580039996654,
    "lint_baseline": 0.0002397089992882684,
    "artifact_prefetch_attempt_1": 13.344743749999907,
    "prompt_creation_attempt_1": 0.02134124999429332,
    "llm_execution_attempt_1": 150.024395249995,
    "validation_phase_attempt_1": 0.0011231669996050186,
    "total_task_time": 196.94322050000483
  },
  "timestamp": "2025-10-23 03:15:46"
}