{
  "task_id": "T009",
  "total_time": 268.42704458299704,
  "checkpoints": {
    "dependencies_checked": 0.00017924999701790512,
    "planning_phase": 0.0003619170020101592,
    "lint_baseline": 0.0001225829983013682,
    "artifact_prefetch_attempt_1": 11.007312583002204,
    "prompt_creation_attempt_1": 0.023026542003208306,
    "llm_execution_attempt_1": 195.33998262499517,
    "validation_phase_attempt_1": 0.0009650829961174168,
    "total_task_time": 268.42704458299704
  },
  "timestamp": "2025-10-23 02:21:22"
}