{
  "task_id": "T019",
  "total_time": 364.74994695900386,
  "checkpoints": {
    "dependencies_checked": 0.00033791700116125867,
    "planning_phase": 0.00030883399449521676,
    "lint_baseline": 0.00010429199755890295,
    "artifact_prefetch_attempt_1": 21.714341375001823,
    "prompt_creation_attempt_1": 0.01426254199759569,
    "llm_execution_attempt_1": 308.17694358299923,
    "validation_phase_attempt_1": 0.0007921249998616986,
    "total_task_time": 364.74994695900386
  },
  "timestamp": "2025-10-23 02:53:26"
}