{
  "task_id": "T012",
  "total_time": 321.1420600420024,
  "checkpoints": {
    "dependencies_checked": 4.087499837623909e-05,
    "planning_phase": 0.0008706670050742105,
    "lint_baseline": 0.00017758300236891955,
    "artifact_prefetch_attempt_1": 9.84286124999926,
    "prompt_creation_attempt_1": 0.02219441600027494,
    "llm_execution_attempt_1": 292.9514205420055,
    "validation_phase_attempt_1": 0.0010965420005959459,
    "total_task_time": 321.1420600420024
  },
  "timestamp": "2025-10-23 02:26:43"
}