{
  "task_id": "T014",
  "total_time": 375.9242093339999,
  "checkpoints": {
    "dependencies_checked": 0.0007329590007429942,
    "planning_phase": 0.0004312499950174242,
    "lint_baseline": 0.0001369579986203462,
    "artifact_prefetch_attempt_1": 22.903207458999532,
    "prompt_creation_attempt_1": 0.017342708000796847,
    "llm_execution_attempt_1": 318.144136834002,
    "validation_phase_attempt_1": 0.000830083001346793,
    "total_task_time": 375.9242093339999
  },
  "timestamp": "2025-10-23 02:32:59"
}