{
  "task_id": "T017",
  "total_time": 396.20148812499974,
  "checkpoints": {
    "dependencies_checked": 0.0009160830013570376,
    "planning_phase": 0.00045554199459729716,
    "lint_baseline": 0.00013262499851407483,
    "artifact_prefetch_attempt_1": 24.245686958005535,
    "prompt_creation_attempt_1": 0.021437333001813386,
    "llm_execution_attempt_1": 327.238447249998,
    "validation_phase_attempt_1": 0.00033541599987074733,
    "total_task_time": 396.20148812499974
  },
  "timestamp": "2025-10-23 02:53:58"
}