{
  "task_id": "T011",
  "total_time": 226.78448491699965,
  "checkpoints": {
    "dependencies_checked": 0.00028779200511053205,
    "planning_phase": 0.0004364580017863773,
    "lint_baseline": 0.00013558399950852618,
    "artifact_prefetch_attempt_1": 17.084510624998074,
    "prompt_creation_attempt_1": 0.020926249999320135,
    "llm_execution_attempt_1": 162.07657162499527,
    "validation_phase_attempt_1": 0.0008744169972487725,
    "total_task_time": 226.78448491699965
  },
  "timestamp": "2025-10-23 02:20:41"
}