{
  "task_id": "T004",
  "total_time": 480.2446779160018,
  "checkpoints": {
    "dependencies_checked": 0.00024174999998649582,
    "planning_phase": 0.0005832909955643117,
    "lint_baseline": 0.00016362500173272565,
    "artifact_prefetch_attempt_1": 8.931228041001305,
    "prompt_creation_attempt_1": 0.023840500005462673,
    "llm_execution_attempt_1": 434.9162580829943,
    "validation_phase_attempt_1": 0.0010656669983291067,
    "total_task_time": 480.2446779160018
  },
  "timestamp": "2025-10-23 01:41:36"
}