{
  "task_id": "T015",
  "total_time": 807.4423772080045,
  "checkpoints": {
    "dependencies_checked": 0.0005099170011817478,
    "planning_phase": 0.00033224999788217247,
    "lint_baseline": 0.0001481669969507493,
    "artifact_prefetch_attempt_1": 25.579358499999216,
    "prompt_creation_attempt_1": 0.02203154199378332,
    "llm_execution_attempt_1": 718.9556162500012,
    "validation_phase_attempt_1": 0.0013549579962273128,
    "total_task_time": 807.4423772080045
  },
  "timestamp": "2025-10-23 02:40:11"
}