{
  "task_id": "T018",
  "total_time": 280.37221045899787,
  "checkpoints": {
    "dependencies_checked": 0.0006867499978397973,
    "planning_phase": 0.0003251669986639172,
    "lint_baseline": 0.00014079199900152162,
    "artifact_prefetch_attempt_1": 17.149130083998898,
    "prompt_creation_attempt_1": 0.021363833999203052,
    "llm_execution_attempt_1": 206.4293766250048,
    "validation_phase_attempt_1": 0.0009846250031841919,
    "total_task_time": 280.37221045899787
  },
  "timestamp": "2025-10-23 02:52:02"
}