{
  "task_id": "T008",
  "total_time": 406.1766425829992,
  "checkpoints": {
    "dependencies_checked": 5.562500155065209e-05,
    "planning_phase": 0.0006498749935417436,
    "lint_baseline": 0.00013320899597601965,
    "artifact_prefetch_attempt_1": 15.300942667003255,
    "prompt_creation_attempt_1": 0.025765500002307817,
    "llm_execution_attempt_1": 353.3382796250007,
    "validation_phase_attempt_1": 0.0012603329960256815,
    "total_task_time": 406.1766425829992
  },
  "timestamp": "2025-10-23 02:16:54"
}