{
  "task_id": "T020",
  "total_time": 583.0157860830004,
  "checkpoints": {
    "dependencies_checked": 6.045800546417013e-05,
    "planning_phase": 0.0003159580010105856,
    "lint_baseline": 0.0001475829994888045,
    "artifact_prefetch_attempt_1": 11.194175750002614,
    "prompt_creation_attempt_1": 0.020953499995812308,
    "llm_execution_attempt_1": 535.6445098330005,
    "validation_phase_attempt_1": 0.001084292001905851,
    "total_task_time": 583.0157860830004
  },
  "timestamp": "2025-10-23 03:03:41"
}