{
  "task_id": "T024",
  "total_time": 333.3165225410048,
  "checkpoints": {
    "dependencies_checked": 4.3125000956933945e-05,
    "planning_phase": 0.0005739160042139702,
    "lint_baseline": 0.00025666699366411194,
    "artifact_prefetch_attempt_1": 12.614107583001896,
    "prompt_creation_attempt_1": 0.01933154199650744,
    "llm_execution_attempt_1": 305.08490908399835,
    "validation_phase_attempt_1": 0.0009592080023139715,
    "total_task_time": 333.3165225410048
  },
  "timestamp": "2025-10-23 03:26:22"
}