{
  "task_id": "T010",
  "total_time": 172.36898500000098,
  "checkpoints": {
    "dependencies_checked": 0.0005029590029153042,
    "planning_phase": 0.00029725000058533624,
    "lint_baseline": 0.00012229200365254655,
    "artifact_prefetch_attempt_1": 9.832539791001182,
    "prompt_creation_attempt_1": 0.021916375000728294,
    "llm_execution_attempt_1": 127.82781350000005,
    "validation_phase_attempt_1": 0.001066457996785175,
    "total_task_time": 172.36898500000098
  },
  "timestamp": "2025-10-23 02:19:46"
}