{
  "task_id": "T007",
  "total_time": 452.9065712090014,
  "checkpoints": {
    "dependencies_checked": 7.329200161620975e-05,
    "planning_phase": 0.0004892080032732338,
    "lint_baseline": 0.0001433750003343448,
    "artifact_prefetch_attempt_1": 18.013275957993756,
    "prompt_creation_attempt_1": 0.02680191699619172,
    "llm_execution_attempt_1": 399.8711262910001,
    "validation_phase_attempt_1": 0.0008334170051966794,
    "total_task_time": 452.9065712090014
  },
  "timestamp": "2025-10-23 02:01:10"
}