{
  "task_id": "T003",
  "total_time": 597.6343905829999,
  "checkpoints": {
    "dependencies_checked": 0.00021633299911627546,
    "planning_phase": 0.0005545410022023134,
    "lint_baseline": 0.00016370799858123064,
    "artifact_prefetch_attempt_1": 11.583695499997702,
    "prompt_creation_attempt_1": 0.022183792003488634,
    "llm_execution_attempt_1": 522.6639021250012,
    "validation_phase_attempt_1": 0.0009652919979998842,
    "total_task_time": 597.6343905829999
  },
  "timestamp": "2025-10-23 01:43:34"
}