{
  "task_id": "T002",
  "total_time": 449.0440530830019,
  "checkpoints": {
    "dependencies_checked": 0.0003999580003437586,
    "planning_phase": 0.0003114580031251535,
    "lint_baseline": 0.0001386660005664453,
    "artifact_prefetch_attempt_1": 18.091846833005548,
    "prompt_creation_attempt_1": 0.01995633299520705,
    "llm_execution_attempt_1": 380.7234791670053,
    "validation_phase_attempt_1": 0.0010330000004614703,
    "total_task_time": 449.0440530830019
  },
  "timestamp": "2025-10-23 01:41:05"
}