{
  "task_id": "T026",
  "total_time": 5655.046346040996,
  "checkpoints": {
    "dependencies_checked": 5.8333003835286945e-05,
    "planning_phase": 0.0009138329987763427,
    "lint_baseline": 0.00018124999769497663,
    "artifact_prefetch_attempt_1": 5.430627333000302,
    "prompt_creation_attempt_1": 0.02658345799864037,
    "llm_execution_attempt_1": 5401.005150375,
    "artifact_prefetch_attempt_2": 4.999892553314567e-07,
    "prompt_creation_attempt_2": 0.01684354200551752,
    "llm_execution_attempt_2": 229.51698658299574,
    "validation_phase_attempt_2": 0.0011973329965258017,
    "total_task_time": 5655.046346040996
  },
  "timestamp": "2025-10-23 05:03:42"
}