{
  "task_id": "T005",
  "total_time": 603.963480665996,
  "checkpoints": {
    "dependencies_checked": 6.695799675071612e-05,
    "planning_phase": 0.0008680000028107315,
    "lint_baseline": 0.00020637499983422458,
    "artifact_prefetch_attempt_1": 16.400256792003347,
    "prompt_creation_attempt_1": 0.02174758299952373,
    "llm_execution_attempt_1": 551.8846594999995,
    "validation_phase_attempt_1": 0.0010504579986445606,
    "total_task_time": 603.963480665996
  },
  "timestamp": "2025-10-23 01:53:37"
}