{
  "task_id": "T021",
  "total_time": 528.2275037500003,
  "checkpoints": {
    "dependencies_checked": 4.616699879989028e-05,
    "planning_phase": 0.00035620899870991707,
    "lint_baseline": 0.00014029200247023255,
    "artifact_prefetch_attempt_1": 15.339326374996745,
    "prompt_creation_attempt_1": 0.022877041999890935,
    "llm_execution_attempt_1": 478.24511033399904,
    "validation_phase_attempt_1": 0.0010429999965708703,
    "total_task_time": 528.2275037500003
  },
  "timestamp": "2025-10-23 03:12:29"
}