{
  "task_id": "T016",
  "total_time": 430.78954112499923,
  "checkpoints": {
    "dependencies_checked": 6.112499977461994e-05,
    "planning_phase": 0.0008442499965894967,
    "lint_baseline": 0.00020112499623792246,
    "artifact_prefetch_attempt_1": 12.30855720800173,
    "prompt_creation_attempt_1": 0.04233916699740803,
    "llm_execution_attempt_1": 384.72103216699907,
    "validation_phase_attempt_1": 0.0009619999982533045,
    "total_task_time": 430.78954112499923
  },
  "timestamp": "2025-10-23 02:47:22"
}